{
  "accuracy": 0.9631697626973048,
  "precision_illicit": 0.8390243902439024,
  "recall_illicit": 0.7652947719688543,
  "f1_illicit": 0.8004653868528214
}